{
  "lgbm_weight": 0.7,
  "prophet_weight": 0.3,
  "rmse_lgbm": 7.427928803763403,
  "rmse_prophet": 11.411296777912105,
  "rmse_ensemble": 7.713495963605831
}